<?xml version="1.0" encoding="UTF-8"?>

<!DOCTYPE struts PUBLIC
        "-//Apache Software Foundation//DTD Struts Configuration 2.1.7//EN"
        "http://struts.apache.org/dtds/struts-2.1.7.dtd">

<struts>
    <package name="basic" extends="struts-default, json-default">

        <interceptors>
            <interceptor name="LoginInterceptor"
                         class="interceptor.LoginInterceptor">
            </interceptor>
            <interceptor name="AdminInterceptor"
                         class="interceptor.AdminInterceptor">
            </interceptor>
            <interceptor-stack name="loginStack">
                <interceptor-ref name="LoginInterceptor" />
                <interceptor-ref name="defaultStack" />
            </interceptor-stack>

            <interceptor-stack name="adminStack">
                <interceptor-ref name="LoginInterceptor" />
                <interceptor-ref name="AdminInterceptor" />
                <interceptor-ref name="defaultStack" />
            </interceptor-stack>
        </interceptors>

        <global-results>
            <result name="login" type="redirect">/index.html</result>
        </global-results>

        <action name="Login" class="action.AuthAction" method="login">
            <result name="success" >/helloworld.jsp</result>
            <result name="input">/index.html</result>
        </action>
        <action name="Logout" class="action.AuthAction" method="logout">
            <interceptor-ref name="adminStack" />
            <result name="success" type="redirect">/index.html</result>
        </action>
        <action name="Signup" class="action.AuthAction" method="signup">
            <result name="success" type="redirect">/index.html</result>
            <result name="input">/index.html</result>
        </action>
        <action name="validateRegistration" class="action.AuthAction" method="validating">
            <result name="success">/validateRegistration.jsp</result>
        </action>
    </package>
</struts>