{
  "authors": [
    {
      "id": "c8f7dc24-2e81-427c-80da-b422f48cda73"
    },
    {
      "id": "52bc8843-8a3c-4a57-aeb9-b866e9480599"
    }
  ],
  "image": "https://img3.doubanio.com/mpic/s1239642.jpg",
  "introduction": "收录散文约50篇，包括《未经省察的人生没有价值》……（省略）",
  "pages": 242,
  "publisher": "广西师范大学出版社",
  "isbn13": "9787563332885",
  "isbn10": "7563332885",
  "category": [
    {
      "id": 1,
      "description": "literature",
      "reference": 1
    }
  ],
  "title": "安静的位置",
  "translators": [],
  "wid": "52bc8843-8a3c-4a57-aeb9-b866e9480599"
}
